{
 "allow_copy": 0, 
 "allow_guest_to_view": 0, 
 "allow_import": 0, 
 "allow_rename": 0, 
 "autoname": "", 
 "beta": 1, 
 "creation": "2017-11-08 15:24:21.029314", 
 "custom": 0, 
 "docstatus": 0, 
 "doctype": "DocType", 
 "document_type": "", 
 "editable_grid": 1, 
 "engine": "InnoDB", 
 "fields": [
  {
   "allow_bulk_edit": 0, 
   "allow_on_submit": 0, 
   "bold": 0, 
   "collapsible": 0, 
   "columns": 0, 
   "fieldname": "user", 
   "fieldtype": "Link", 
   "hidden": 0, 
   "ignore_user_permissions": 0, 
   "ignore_xss_filter": 0, 
   "in_filter": 0, 
   "in_global_search": 0, 
   "in_list_view": 1, 
   "in_standard_filter": 0, 
   "label": "User", 
   "length": 0, 
   "no_copy": 0, 
   "options": "User", 
   "permlevel": 0, 
   "precision": "", 
   "print_hide": 0, 
   "print_hide_if_no_value": 0, 
   "read_only": 0, 
   "remember_last_selected_value": 0, 
   "report_hide": 0, 
   "reqd": 1, 
   "search_index": 0, 
   "set_only_once": 0, 
   "unique": 0
  }, 
  {
   "allow_bulk_edit": 0, 
   "allow_on_submit": 0, 
   "bold": 0, 
   "collapsible": 0, 
   "columns": 0, 
   "default": "0", 
   "fieldname": "is_admin", 
   "fieldtype": "Check", 
   "hidden": 0, 
   "ignore_user_permissions": 0, 
   "ignore_xss_filter": 0, 
   "in_filter": 0, 
   "in_global_search": 0, 
   "in_list_view": 0, 
   "in_standard_filter": 0, 
   "label": "Admin", 
   "length": 0, 
   "no_copy": 0, 
   "permlevel": 0, 
   "precision": "", 
   "print_hide": 0, 
   "print_hide_if_no_value": 0, 
   "read_only": 0, 
   "remember_last_selected_value": 0, 
   "report_hide": 0, 
   "reqd": 0, 
   "search_index": 0, 
   "set_only_once": 0, 
   "unique": 0
  }
 ], 
 "has_web_view": 0, 
 "hide_heading": 0, 
 "hide_toolbar": 0, 
 "idx": 0, 
 "image_view": 0, 
 "in_create": 1, 
 "is_submittable": 0, 
 "issingle": 0, 
 "istable": 1, 
 "max_attachments": 0, 
 "modified": "2018-01-02 17:12:12.622244", 
 "modified_by": "achilles@erpnext.com", 
 "module": "Chat", 
 "name": "Chat Room User", 
 "name_case": "", 
 "owner": "Administrator", 
 "permissions": [], 
 "quick_entry": 1, 
 "read_only": 1, 
 "read_only_onload": 0, 
 "show_name_in_global_search": 0, 
 "sort_field": "modified", 
 "sort_order": "DESC", 
 "track_changes": 1, 
 "track_seen": 0
}