{
	"app_url": "https://github.com/frappe/mandrill_integration",
	"app_name": "mandrill_integration",
	"app_icon": "octicon octicon-inbox",
	"app_color": "#4CB6E6",
	"app_description": "Set email communication status (Sent, Bounced etc) from Mandrill via webhooks.",
	"app_publisher": "Frappe Technologies Pvt Ltd, Sponsored by Rohit Industries Group Pvt Ltd",
	"app_email": "hello@frappe.io",
	"repo_url": "https://github.com/frappe/mandrill_integration.git",
	"app_title": "Mandrill Integration",
	"app_version": "0.1.0",
	"app_category": "Integrations"
}
