{
 "accept_payment": 0, 
 "allow_comments": 0, 
 "allow_delete": 0, 
 "allow_edit": 1, 
 "allow_incomplete": 0, 
 "allow_multiple": 0, 
 "allow_print": 0, 
 "amount": 0.0, 
 "amount_based_on_field": 0, 
 "breadcrumbs": "[{\"title\": _(\"My Account\"), \"route\": \"me\"}]", 
 "creation": "2016-09-19 05:16:59.242754", 
 "doc_type": "User", 
 "docstatus": 0, 
 "doctype": "Web Form", 
 "idx": 0, 
 "introduction_text": "", 
 "is_standard": 1, 
 "login_required": 1, 
 "max_attachment_size": 0, 
 "modified": "2018-06-12 22:24:21.913166", 
 "modified_by": "Administrator", 
 "module": "Core", 
 "name": "edit-profile", 
 "owner": "Administrator", 
 "published": 1, 
 "route": "update-profile", 
 "show_sidebar": 1, 
 "sidebar_items": [], 
 "success_message": "Profile updated successfully.", 
 "success_url": "/me", 
 "title": "Update Profile", 
 "web_form_fields": [
  {
   "fieldname": "first_name", 
   "fieldtype": "Data", 
   "hidden": 0, 
   "label": "First Name", 
   "max_length": 0, 
   "max_value": 0, 
   "read_only": 0, 
   "reqd": 1
  }, 
  {
   "fieldname": "middle_name", 
   "fieldtype": "Data", 
   "hidden": 0, 
   "label": "Middle Name (Optional)", 
   "max_length": 0, 
   "max_value": 0, 
   "read_only": 0, 
   "reqd": 0
  }, 
  {
   "fieldname": "last_name", 
   "fieldtype": "Data", 
   "hidden": 0, 
   "label": "Last Name", 
   "max_length": 0, 
   "max_value": 0, 
   "read_only": 0, 
   "reqd": 0
  }, 
  {
   "description": "", 
   "fieldname": "user_image", 
   "fieldtype": "Attach", 
   "hidden": 0, 
   "label": "User Image", 
   "max_length": 0, 
   "max_value": 0, 
   "read_only": 0, 
   "reqd": 0
  }, 
  {
   "fieldtype": "Section Break", 
   "hidden": 0, 
   "label": "More Information", 
   "max_length": 0, 
   "max_value": 0, 
   "read_only": 0, 
   "reqd": 0
  }, 
  {
   "fieldname": "phone", 
   "fieldtype": "Data", 
   "hidden": 0, 
   "label": "Phone", 
   "max_length": 0, 
   "max_value": 0, 
   "read_only": 0, 
   "reqd": 0
  }, 
  {
   "fieldname": "mobile_no", 
   "fieldtype": "Data", 
   "hidden": 0, 
   "label": "Mobile Number", 
   "max_length": 0, 
   "max_value": 0, 
   "read_only": 0, 
   "reqd": 0
  }, 
  {
   "description": "", 
   "fieldname": "language", 
   "fieldtype": "Link", 
   "hidden": 0, 
   "label": "Language", 
   "max_length": 0, 
   "max_value": 0, 
   "options": "Language", 
   "read_only": 0, 
   "reqd": 0
  }, 
  {
   "fieldname": "roles", 
   "fieldtype": "Table", 
   "hidden": 0, 
   "label": "Roles Assigned", 
   "max_length": 0, 
   "max_value": 0, 
   "options": "Has Role", 
   "read_only": 0, 
   "reqd": 0
  }
 ]
}