{
 "allow_copy": 0, 
 "allow_guest_to_view": 0, 
 "allow_import": 0, 
 "allow_rename": 0, 
 "autoname": "hash", 
 "beta": 0, 
 "creation": "2013-02-22 01:27:33", 
 "custom": 0, 
 "docstatus": 0, 
 "doctype": "DocType", 
 "document_type": "Setup", 
 "editable_grid": 1, 
 "engine": "InnoDB", 
 "fields": [
  {
   "allow_bulk_edit": 0, 
   "allow_on_submit": 0, 
   "bold": 0, 
   "collapsible": 0, 
   "columns": 0, 
   "fieldname": "label_and_type", 
   "fieldtype": "Section Break", 
   "hidden": 0, 
   "ignore_user_permissions": 0, 
   "ignore_xss_filter": 0, 
   "in_filter": 0, 
   "in_global_search": 0, 
   "in_list_view": 0, 
   "in_standard_filter": 0, 
   "label": "", 
   "length": 0, 
   "no_copy": 0, 
   "permlevel": 0, 
   "print_hide": 0, 
   "print_hide_if_no_value": 0, 
   "read_only": 0, 
   "remember_last_selected_value": 0, 
   "report_hide": 0, 
   "reqd": 0, 
   "search_index": 0, 
   "set_only_once": 0, 
   "unique": 0
  }, 
  {
   "allow_bulk_edit": 0, 
   "allow_on_submit": 0, 
   "bold": 1, 
   "collapsible": 0, 
   "columns": 0, 
   "fieldname": "label", 
   "fieldtype": "Data", 
   "hidden": 0, 
   "ignore_user_permissions": 0, 
   "ignore_xss_filter": 0, 
   "in_filter": 0, 
   "in_global_search": 0, 
   "in_list_view": 1, 
   "in_standard_filter": 0, 
   "label": "Label", 
   "length": 0, 
   "no_copy": 0, 
   "oldfieldname": "label", 
   "oldfieldtype": "Data", 
   "permlevel": 0, 
   "print_hide": 0, 
   "print_hide_if_no_value": 0, 
   "print_width": "163", 
   "read_only": 0, 
   "remember_last_selected_value": 0, 
   "report_hide": 0, 
   "reqd": 0, 
   "search_index": 1, 
   "set_only_once": 0, 
   "unique": 0, 
   "width": "163"
  }, 
  {
   "allow_bulk_edit": 0, 
   "allow_on_submit": 0, 
   "bold": 1, 
   "collapsible": 0, 
   "columns": 0, 
   "default": "Data", 
   "fieldname": "fieldtype", 
   "fieldtype": "Select", 
   "hidden": 0, 
   "ignore_user_permissions": 0, 
   "ignore_xss_filter": 0, 
   "in_filter": 0, 
   "in_global_search": 0, 
   "in_list_view": 1, 
   "in_standard_filter": 0, 
   "label": "Type", 
   "length": 0, 
   "no_copy": 0, 
   "oldfieldname": "fieldtype", 
   "oldfieldtype": "Select", 
   "options": "Attach\nAttach Image\nBarcode\nButton\nCheck\nCode\nColor\nColumn Break\nCurrency\nData\nDate\nDatetime\nDynamic Link\nFloat\nFold\nGeolocation\nHeading\nHTML\nImage\nInt\nLink\nLong Text\nPassword\nPercent\nRead Only\nSection Break\nSelect\nSmall Text\nTable\nText\nText Editor\nTime\nSignature", 
   "permlevel": 0, 
   "print_hide": 0, 
   "print_hide_if_no_value": 0, 
   "read_only": 0, 
   "remember_last_selected_value": 0, 
   "report_hide": 0, 
   "reqd": 1, 
   "search_index": 1, 
   "set_only_once": 0, 
   "unique": 0
  }, 
  {
   "allow_bulk_edit": 0, 
   "allow_on_submit": 0, 
   "bold": 1, 
   "collapsible": 0, 
   "columns": 0, 
   "fieldname": "fieldname", 
   "fieldtype": "Data", 
   "hidden": 0, 
   "ignore_user_permissions": 0, 
   "ignore_xss_filter": 0, 
   "in_filter": 0, 
   "in_global_search": 0, 
   "in_list_view": 1, 
   "in_standard_filter": 0, 
   "label": "Name", 
   "length": 0, 
   "no_copy": 0, 
   "oldfieldname": "fieldname", 
   "oldfieldtype": "Data", 
   "permlevel": 0, 
   "print_hide": 0, 
   "print_hide_if_no_value": 0, 
   "read_only": 0, 
   "remember_last_selected_value": 0, 
   "report_hide": 0, 
   "reqd": 0, 
   "search_index": 1, 
   "set_only_once": 0, 
   "unique": 0
  }, 
  {
   "allow_bulk_edit": 0, 
   "allow_on_submit": 0, 
   "bold": 0, 
   "collapsible": 0, 
   "columns": 0, 
   "fieldname": "reqd", 
   "fieldtype": "Check", 
   "hidden": 0, 
   "ignore_user_permissions": 0, 
   "ignore_xss_filter": 0, 
   "in_filter": 0, 
   "in_global_search": 0, 
   "in_list_view": 1, 
   "in_standard_filter": 0, 
   "label": "Mandatory", 
   "length": 0, 
   "no_copy": 0, 
   "oldfieldname": "reqd", 
   "oldfieldtype": "Check", 
   "permlevel": 0, 
   "print_hide": 0, 
   "print_hide_if_no_value": 0, 
   "print_width": "50px", 
   "read_only": 0, 
   "remember_last_selected_value": 0, 
   "report_hide": 0, 
   "reqd": 0, 
   "search_index": 0, 
   "set_only_once": 0, 
   "unique": 0, 
   "width": "50px"
  }, 
  {
   "allow_bulk_edit": 0, 
   "allow_on_submit": 0, 
   "bold": 0, 
   "collapsible": 0, 
   "columns": 0, 
   "depends_on": "eval:in_list([\"Float\", \"Currency\", \"Percent\"], doc.fieldtype)", 
   "description": "Set non-standard precision for a Float or Currency field", 
   "fieldname": "precision", 
   "fieldtype": "Select", 
   "hidden": 0, 
   "ignore_user_permissions": 0, 
   "ignore_xss_filter": 0, 
   "in_filter": 0, 
   "in_global_search": 0, 
   "in_list_view": 0, 
   "in_standard_filter": 0, 
   "label": "Precision", 
   "length": 0, 
   "no_copy": 0, 
   "options": "\n1\n2\n3\n4\n5\n6\n7\n8\n9", 
   "permlevel": 0, 
   "print_hide": 1, 
   "print_hide_if_no_value": 0, 
   "read_only": 0, 
   "remember_last_selected_value": 0, 
   "report_hide": 0, 
   "reqd": 0, 
   "search_index": 0, 
   "set_only_once": 0, 
   "unique": 0
  }, 
  {
   "allow_bulk_edit": 0, 
   "allow_on_submit": 0, 
   "bold": 0, 
   "collapsible": 0, 
   "columns": 0, 
   "depends_on": "eval:in_list(['Data', 'Link', 'Dynamic Link', 'Password', 'Select', 'Read Only', 'Attach', 'Attach Image', 'Int'], doc.fieldtype)", 
   "fieldname": "length", 
   "fieldtype": "Int", 
   "hidden": 0, 
   "ignore_user_permissions": 0, 
   "ignore_xss_filter": 0, 
   "in_filter": 0, 
   "in_global_search": 0, 
   "in_list_view": 0, 
   "in_standard_filter": 0, 
   "label": "Length", 
   "length": 0, 
   "no_copy": 0, 
   "permlevel": 0, 
   "precision": "", 
   "print_hide": 0, 
   "print_hide_if_no_value": 0, 
   "read_only": 0, 
   "remember_last_selected_value": 0, 
   "report_hide": 0, 
   "reqd": 0, 
   "search_index": 0, 
   "set_only_once": 0, 
   "unique": 0
  }, 
  {
   "allow_bulk_edit": 0, 
   "allow_on_submit": 0, 
   "bold": 0, 
   "collapsible": 0, 
   "columns": 0, 
   "fieldname": "search_index", 
   "fieldtype": "Check", 
   "hidden": 0, 
   "ignore_user_permissions": 0, 
   "ignore_xss_filter": 0, 
   "in_filter": 0, 
   "in_global_search": 0, 
   "in_list_view": 0, 
   "in_standard_filter": 0, 
   "label": "Index", 
   "length": 0, 
   "no_copy": 0, 
   "oldfieldname": "search_index", 
   "oldfieldtype": "Check", 
   "permlevel": 0, 
   "print_hide": 0, 
   "print_hide_if_no_value": 0, 
   "print_width": "50px", 
   "read_only": 0, 
   "remember_last_selected_value": 0, 
   "report_hide": 0, 
   "reqd": 0, 
   "search_index": 0, 
   "set_only_once": 0, 
   "unique": 0, 
   "width": "50px"
  }, 
  {
   "allow_bulk_edit": 0, 
   "allow_on_submit": 0, 
   "bold": 0, 
   "collapsible": 0, 
   "columns": 0, 
   "fieldname": "in_list_view", 
   "fieldtype": "Check", 
   "hidden": 0, 
   "ignore_user_permissions": 0, 
   "ignore_xss_filter": 0, 
   "in_filter": 0, 
   "in_global_search": 0, 
   "in_list_view": 0, 
   "in_standard_filter": 0, 
   "label": "In List View", 
   "length": 0, 
   "no_copy": 0, 
   "permlevel": 0, 
   "print_hide": 0, 
   "print_hide_if_no_value": 0, 
   "print_width": "70px", 
   "read_only": 0, 
   "remember_last_selected_value": 0, 
   "report_hide": 0, 
   "reqd": 0, 
   "search_index": 0, 
   "set_only_once": 0, 
   "unique": 0, 
   "width": "70px"
  }, 
  {
   "allow_bulk_edit": 0, 
   "allow_on_submit": 0, 
   "bold": 0, 
   "collapsible": 0, 
   "columns": 0, 
   "fieldname": "in_standard_filter", 
   "fieldtype": "Check", 
   "hidden": 0, 
   "ignore_user_permissions": 0, 
   "ignore_xss_filter": 0, 
   "in_filter": 0, 
   "in_global_search": 0, 
   "in_list_view": 0, 
   "in_standard_filter": 0, 
   "label": "In Standard Filter", 
   "length": 0, 
   "no_copy": 0, 
   "permlevel": 0, 
   "precision": "", 
   "print_hide": 0, 
   "print_hide_if_no_value": 0, 
   "read_only": 0, 
   "remember_last_selected_value": 0, 
   "report_hide": 0, 
   "reqd": 0, 
   "search_index": 0, 
   "set_only_once": 0, 
   "unique": 0
  }, 
  {
   "allow_bulk_edit": 0,
   "allow_on_submit": 0,
   "bold": 0,
   "collapsible": 0,
   "columns": 0,
   "depends_on": "eval:([\"Data\", \"Select\", \"Table\", \"Text\", \"Text Editor\", \"Link\", \"Small Text\", \"Long Text\", \"Read Only\", \"Heading\", \"Dynamic Link\"].indexOf(doc.fieldtype) !== -1)",
   "fieldname": "in_global_search",
   "fieldtype": "Check",
   "hidden": 0,
   "ignore_user_permissions": 0,
   "ignore_xss_filter": 0,
   "in_filter": 0,
   "in_global_search": 0,
   "in_list_view": 0,
   "in_standard_filter": 0,
   "label": "In Global Search",
   "length": 0,
   "no_copy": 0,
   "permlevel": 0,
   "precision": "",
   "print_hide": 0,
   "print_hide_if_no_value": 0,
   "allow_in_quick_entry": 0,
   "read_only": 0,
   "remember_last_selected_value": 0,
   "report_hide": 0,
   "reqd": 0,
   "search_index": 0,
   "set_only_once": 0,
   "translatable": 0,
   "unique": 0
  },
  {
   "allow_bulk_edit": 0,
   "allow_on_submit": 0,
   "bold": 0,
   "collapsible": 0,
   "columns": 0,
   "fieldname": "allow_in_quick_entry",
   "fieldtype": "Check",
   "hidden": 0,
   "ignore_user_permissions": 0,
   "ignore_xss_filter": 0,
   "in_filter": 0,
   "in_global_search": 0,
   "in_list_view": 0,
   "in_standard_filter": 0,
   "label": "Allow in Quick Entry",
   "length": 0,
   "no_copy": 0,
   "permlevel": 0,
   "precision": "",
   "print_hide": 0,
   "print_hide_if_no_value": 0,
   "allow_in_quick_entry": 0,
   "read_only": 0,
   "remember_last_selected_value": 0,
   "report_hide": 0,
   "reqd": 0,
   "search_index": 0,
   "set_only_once": 0,
   "translatable": 0,
   "unique": 0
  }, 
  {
   "allow_bulk_edit": 0,
   "allow_on_submit": 0,
   "bold": 0,
   "collapsible": 0,
   "columns": 0,
   "fieldname": "bold",
   "fieldtype": "Check",
   "hidden": 0,
   "ignore_user_permissions": 0,
   "ignore_xss_filter": 0,
   "in_filter": 0,
   "in_global_search": 0,
   "in_list_view": 0,
   "in_standard_filter": 0,
   "label": "Bold",
   "length": 0,
   "no_copy": 0,
   "permlevel": 0,
   "precision": "",
   "print_hide": 0,
   "print_hide_if_no_value": 0,
   "allow_in_quick_entry": 0,
   "read_only": 0,
   "remember_last_selected_value": 0,
   "report_hide": 0,
   "reqd": 0,
   "search_index": 0,
   "set_only_once": 0,
   "translatable": 0,
   "unique": 0
  },
  {
   "allow_bulk_edit": 0,
   "allow_on_submit": 0,
   "bold": 0,
   "collapsible": 0,
   "columns": 0,
   "default": "0",
   "depends_on": "eval:['Data', 'Select', 'Text', 'Small Text', 'Text Editor'].includes(doc.fieldtype)",
   "fieldname": "translatable",
   "fieldtype": "Check",
   "hidden": 0,
   "ignore_user_permissions": 0,
   "ignore_xss_filter": 0,
   "in_filter": 0,
   "in_global_search": 0,
   "in_list_view": 0,
   "in_standard_filter": 0,
   "label": "Translatable",
   "length": 0,
   "no_copy": 0,
   "permlevel": 0,
   "precision": "",
   "print_hide": 0,
   "print_hide_if_no_value": 0,
   "allow_in_quick_entry": 0,
   "read_only": 0,
   "remember_last_selected_value": 0,
   "report_hide": 0,
   "reqd": 0,
   "search_index": 0,
   "set_only_once": 0,
   "translatable": 0,
   "unique": 0
  }, 
  {
   "allow_bulk_edit": 0, 
   "allow_on_submit": 0, 
   "bold": 0, 
   "collapsible": 0, 
   "columns": 0, 
   "depends_on": "eval:doc.fieldtype===\"Section Break\"", 
   "fieldname": "collapsible", 
   "fieldtype": "Check", 
   "hidden": 0, 
   "ignore_user_permissions": 0, 
   "ignore_xss_filter": 0, 
   "in_filter": 0, 
   "in_global_search": 0, 
   "in_list_view": 0, 
   "in_standard_filter": 0, 
   "label": "Collapsible", 
   "length": 255, 
   "no_copy": 0, 
   "permlevel": 0, 
   "precision": "", 
   "print_hide": 0, 
   "print_hide_if_no_value": 0, 
   "read_only": 0, 
   "remember_last_selected_value": 0, 
   "report_hide": 0, 
   "reqd": 0, 
   "search_index": 0, 
   "set_only_once": 0, 
   "unique": 0
  }, 
  {
   "allow_bulk_edit": 0, 
   "allow_on_submit": 0, 
   "bold": 0, 
   "collapsible": 0, 
   "columns": 0, 
   "depends_on": "eval:doc.fieldtype==\"Section Break\"", 
   "fieldname": "collapsible_depends_on", 
   "fieldtype": "Code", 
   "hidden": 0, 
   "ignore_user_permissions": 0, 
   "ignore_xss_filter": 0, 
   "in_filter": 0, 
   "in_global_search": 0, 
   "in_list_view": 0, 
   "in_standard_filter": 0, 
   "label": "Collapsible Depends On", 
   "length": 0, 
   "no_copy": 0, 
   "permlevel": 0, 
   "precision": "", 
   "print_hide": 0, 
   "print_hide_if_no_value": 0, 
   "read_only": 0, 
   "remember_last_selected_value": 0, 
   "report_hide": 0, 
   "reqd": 0, 
   "search_index": 0, 
   "set_only_once": 0, 
   "unique": 0
  }, 
  {
   "allow_bulk_edit": 0, 
   "allow_on_submit": 0, 
   "bold": 0, 
   "collapsible": 0, 
   "columns": 0, 
   "fieldname": "column_break_6", 
   "fieldtype": "Column Break", 
   "hidden": 0, 
   "ignore_user_permissions": 0, 
   "ignore_xss_filter": 0, 
   "in_filter": 0, 
   "in_global_search": 0, 
   "in_list_view": 0, 
   "in_standard_filter": 0, 
   "length": 0, 
   "no_copy": 0, 
   "permlevel": 0, 
   "print_hide": 0, 
   "print_hide_if_no_value": 0, 
   "read_only": 0, 
   "remember_last_selected_value": 0, 
   "report_hide": 0, 
   "reqd": 0, 
   "search_index": 0, 
   "set_only_once": 0, 
   "unique": 0
  }, 
  {
   "allow_bulk_edit": 0, 
   "allow_on_submit": 0, 
   "bold": 0, 
   "collapsible": 0, 
   "columns": 0, 
   "description": "For Links, enter the DocType as range.\nFor Select, enter list of Options, each on a new line.", 
   "fieldname": "options", 
   "fieldtype": "Small Text", 
   "hidden": 0, 
   "ignore_user_permissions": 0, 
   "ignore_xss_filter": 0, 
   "in_filter": 0, 
   "in_global_search": 0, 
   "in_list_view": 1, 
   "in_standard_filter": 0, 
   "label": "Options", 
   "length": 0, 
   "no_copy": 0, 
   "oldfieldname": "options", 
   "oldfieldtype": "Text", 
   "permlevel": 0, 
   "print_hide": 0, 
   "print_hide_if_no_value": 0, 
   "read_only": 0, 
   "remember_last_selected_value": 0, 
   "report_hide": 0, 
   "reqd": 0, 
   "search_index": 0, 
   "set_only_once": 0, 
   "unique": 0
  }, 
  {
   "allow_bulk_edit": 0, 
   "allow_on_submit": 0, 
   "bold": 0, 
   "collapsible": 0, 
   "columns": 0, 
   "fieldname": "default", 
   "fieldtype": "Small Text", 
   "hidden": 0, 
   "ignore_user_permissions": 0, 
   "ignore_xss_filter": 0, 
   "in_filter": 0, 
   "in_global_search": 0, 
   "in_list_view": 0, 
   "in_standard_filter": 0, 
   "label": "Default", 
   "length": 0, 
   "no_copy": 0, 
   "oldfieldname": "default", 
   "oldfieldtype": "Text", 
   "permlevel": 0, 
   "print_hide": 0, 
   "print_hide_if_no_value": 0, 
   "read_only": 0, 
   "remember_last_selected_value": 0, 
   "report_hide": 0, 
   "reqd": 0, 
   "search_index": 0, 
   "set_only_once": 0, 
   "unique": 0
  }, 
  {
	"allow_bulk_edit": 0,
	"allow_in_quick_entry": 0,
	"allow_on_submit": 0,
	"bold": 0,
	"collapsible": 0,
	"columns": 0,
	"fieldname": "fetch_from",
	"fieldtype": "Small Text",
	"hidden": 0,
	"ignore_user_permissions": 0,
	"ignore_xss_filter": 0,
	"in_filter": 0,
	"in_global_search": 0,
	"in_list_view": 0,
	"in_standard_filter": 0,
	"label": "Fetch From",
	"length": 0,
	"no_copy": 0,
	"permlevel": 0,
	"precision": "",
	"print_hide": 0,
	"print_hide_if_no_value": 0,
	"read_only": 0,
	"remember_last_selected_value": 0,
	"report_hide": 0,
	"reqd": 0,
	"search_index": 0,
	"set_only_once": 0,
	"translatable": 0,
	"unique": 0
   },
  {
   "allow_bulk_edit": 0,
   "allow_on_submit": 0,
   "bold": 0,
   "collapsible": 0,
   "columns": 0,
   "fieldname": "permissions",
   "fieldtype": "Section Break",
   "hidden": 0,
   "ignore_user_permissions": 0,
   "ignore_xss_filter": 0,
   "in_filter": 0,
   "in_global_search": 0,
   "in_list_view": 0,
   "in_standard_filter": 0,
   "label": "Permissions",
   "length": 0,
   "no_copy": 0,
   "permlevel": 0,
   "print_hide": 0,
   "print_hide_if_no_value": 0,
   "allow_in_quick_entry": 0,
   "read_only": 0,
   "remember_last_selected_value": 0,
   "report_hide": 0,
   "reqd": 0,
   "search_index": 0,
   "set_only_once": 0,
   "translatable": 0,
   "unique": 0
  }, 
  {
   "allow_bulk_edit": 0, 
   "allow_on_submit": 0, 
   "bold": 0, 
   "collapsible": 0, 
   "columns": 0, 
   "fieldname": "depends_on", 
   "fieldtype": "Code", 
   "hidden": 0, 
   "ignore_user_permissions": 0, 
   "ignore_xss_filter": 0, 
   "in_filter": 0, 
   "in_global_search": 0, 
   "in_list_view": 0, 
   "in_standard_filter": 0, 
   "label": "Display Depends On", 
   "length": 255, 
   "no_copy": 0, 
   "oldfieldname": "depends_on", 
   "oldfieldtype": "Data", 
   "permlevel": 0, 
   "print_hide": 0, 
   "print_hide_if_no_value": 0, 
   "read_only": 0, 
   "remember_last_selected_value": 0, 
   "report_hide": 0, 
   "reqd": 0, 
   "search_index": 0, 
   "set_only_once": 0, 
   "unique": 0
  }, 
  {
   "allow_bulk_edit": 0, 
   "allow_on_submit": 0, 
   "bold": 0, 
   "collapsible": 0, 
   "columns": 0, 
   "fieldname": "hidden", 
   "fieldtype": "Check", 
   "hidden": 0, 
   "ignore_user_permissions": 0, 
   "ignore_xss_filter": 0, 
   "in_filter": 0, 
   "in_global_search": 0, 
   "in_list_view": 0, 
   "in_standard_filter": 0, 
   "label": "Hidden", 
   "length": 0, 
   "no_copy": 0, 
   "oldfieldname": "hidden", 
   "oldfieldtype": "Check", 
   "permlevel": 0, 
   "print_hide": 0, 
   "print_hide_if_no_value": 0, 
   "print_width": "50px", 
   "read_only": 0, 
   "remember_last_selected_value": 0, 
   "report_hide": 0, 
   "reqd": 0, 
   "search_index": 0, 
   "set_only_once": 0, 
   "unique": 0, 
   "width": "50px"
  }, 
  {
   "allow_bulk_edit": 0, 
   "allow_on_submit": 0, 
   "bold": 0, 
   "collapsible": 0, 
   "columns": 0, 
   "fieldname": "read_only", 
   "fieldtype": "Check", 
   "hidden": 0, 
   "ignore_user_permissions": 0, 
   "ignore_xss_filter": 0, 
   "in_filter": 0, 
   "in_global_search": 0, 
   "in_list_view": 0, 
   "in_standard_filter": 0, 
   "label": "Read Only", 
   "length": 0, 
   "no_copy": 0, 
   "permlevel": 0, 
   "print_hide": 0, 
   "print_hide_if_no_value": 0, 
   "print_width": "50px", 
   "read_only": 0, 
   "remember_last_selected_value": 0, 
   "report_hide": 0, 
   "reqd": 0, 
   "search_index": 0, 
   "set_only_once": 0, 
   "unique": 0, 
   "width": "50px"
  }, 
  {
   "allow_bulk_edit": 0, 
   "allow_on_submit": 0, 
   "bold": 0, 
   "collapsible": 0, 
   "columns": 0, 
   "fieldname": "unique", 
   "fieldtype": "Check", 
   "hidden": 0, 
   "ignore_user_permissions": 0, 
   "ignore_xss_filter": 0, 
   "in_filter": 0, 
   "in_global_search": 0, 
   "in_list_view": 0, 
   "in_standard_filter": 0, 
   "label": "Unique", 
   "length": 0, 
   "no_copy": 0, 
   "permlevel": 0, 
   "precision": "", 
   "print_hide": 0, 
   "print_hide_if_no_value": 0, 
   "read_only": 0, 
   "remember_last_selected_value": 0, 
   "report_hide": 0, 
   "reqd": 0, 
   "search_index": 0, 
   "set_only_once": 0, 
   "unique": 0
  }, 
  {
   "allow_bulk_edit": 0, 
   "allow_on_submit": 0, 
   "bold": 0, 
   "collapsible": 0, 
   "columns": 0, 
   "description": "Do not allow user to change after set the first time", 
   "fieldname": "set_only_once", 
   "fieldtype": "Check", 
   "hidden": 0, 
   "ignore_user_permissions": 0, 
   "ignore_xss_filter": 0, 
   "in_filter": 0, 
   "in_global_search": 0, 
   "in_list_view": 0, 
   "in_standard_filter": 0, 
   "label": "Set Only Once", 
   "length": 0, 
   "no_copy": 0, 
   "permlevel": 0, 
   "print_hide": 0, 
   "print_hide_if_no_value": 0, 
   "read_only": 0, 
   "remember_last_selected_value": 0, 
   "report_hide": 0, 
   "reqd": 0, 
   "search_index": 0, 
   "set_only_once": 0, 
   "unique": 0
  }, 
  {
   "allow_bulk_edit": 0, 
   "allow_on_submit": 0, 
   "bold": 0, 
   "collapsible": 0, 
   "columns": 0, 
   "depends_on": "eval: doc.fieldtype == \"Table\"", 
   "fieldname": "allow_bulk_edit", 
   "fieldtype": "Check", 
   "hidden": 0, 
   "ignore_user_permissions": 0, 
   "ignore_xss_filter": 0, 
   "in_filter": 0, 
   "in_global_search": 0, 
   "in_list_view": 0, 
   "in_standard_filter": 0, 
   "label": "Allow Bulk Edit", 
   "length": 0, 
   "no_copy": 0, 
   "permlevel": 0, 
   "precision": "", 
   "print_hide": 0, 
   "print_hide_if_no_value": 0, 
   "read_only": 0, 
   "remember_last_selected_value": 0, 
   "report_hide": 0, 
   "reqd": 0, 
   "search_index": 0, 
   "set_only_once": 0, 
   "unique": 0
  }, 
  {
   "allow_bulk_edit": 0, 
   "allow_on_submit": 0, 
   "bold": 0, 
   "collapsible": 0, 
   "columns": 0, 
   "fieldname": "column_break_13", 
   "fieldtype": "Column Break", 
   "hidden": 0, 
   "ignore_user_permissions": 0, 
   "ignore_xss_filter": 0, 
   "in_filter": 0, 
   "in_global_search": 0, 
   "in_list_view": 0, 
   "in_standard_filter": 0, 
   "length": 0, 
   "no_copy": 0, 
   "permlevel": 0, 
   "print_hide": 0, 
   "print_hide_if_no_value": 0, 
   "read_only": 0, 
   "remember_last_selected_value": 0, 
   "report_hide": 0, 
   "reqd": 0, 
   "search_index": 0, 
   "set_only_once": 0, 
   "unique": 0
  }, 
  {
   "allow_bulk_edit": 0, 
   "allow_on_submit": 0, 
   "bold": 0, 
   "collapsible": 0, 
   "columns": 0, 
   "default": "0", 
   "fieldname": "permlevel", 
   "fieldtype": "Int", 
   "hidden": 0, 
   "ignore_user_permissions": 0, 
   "ignore_xss_filter": 0, 
   "in_filter": 0, 
   "in_global_search": 0, 
   "in_list_view": 0, 
   "in_standard_filter": 0, 
   "label": "Perm Level", 
   "length": 0, 
   "no_copy": 0, 
   "oldfieldname": "permlevel", 
   "oldfieldtype": "Int", 
   "permlevel": 0, 
   "print_hide": 0, 
   "print_hide_if_no_value": 0, 
   "print_width": "50px", 
   "read_only": 0, 
   "remember_last_selected_value": 0, 
   "report_hide": 0, 
   "reqd": 0, 
   "search_index": 0, 
   "set_only_once": 0, 
   "unique": 0, 
   "width": "50px"
  }, 
  {
   "allow_bulk_edit": 0, 
   "allow_on_submit": 0, 
   "bold": 0, 
   "collapsible": 0, 
   "columns": 0, 
   "description": "User permissions should not apply for this Link", 
   "fieldname": "ignore_user_permissions", 
   "fieldtype": "Check", 
   "hidden": 0, 
   "ignore_user_permissions": 0, 
   "ignore_xss_filter": 0, 
   "in_filter": 0, 
   "in_global_search": 0, 
   "in_list_view": 0, 
   "in_standard_filter": 0, 
   "label": "Ignore User Permissions", 
   "length": 0, 
   "no_copy": 0, 
   "permlevel": 0, 
   "print_hide": 0, 
   "print_hide_if_no_value": 0, 
   "read_only": 0, 
   "remember_last_selected_value": 0, 
   "report_hide": 0, 
   "reqd": 0, 
   "search_index": 0, 
   "set_only_once": 0, 
   "unique": 0
  }, 
  {
   "allow_bulk_edit": 0, 
   "allow_on_submit": 0, 
   "bold": 0, 
   "collapsible": 0, 
   "columns": 0, 
   "depends_on": "eval: parent.is_submittable", 
   "fieldname": "allow_on_submit", 
   "fieldtype": "Check", 
   "hidden": 0, 
   "ignore_user_permissions": 0, 
   "ignore_xss_filter": 0, 
   "in_filter": 0, 
   "in_global_search": 0, 
   "in_list_view": 0, 
   "in_standard_filter": 0, 
   "label": "Allow on Submit", 
   "length": 0, 
   "no_copy": 0, 
   "oldfieldname": "allow_on_submit", 
   "oldfieldtype": "Check", 
   "permlevel": 0, 
   "print_hide": 0, 
   "print_hide_if_no_value": 0, 
   "print_width": "50px", 
   "read_only": 0, 
   "remember_last_selected_value": 0, 
   "report_hide": 0, 
   "reqd": 0, 
   "search_index": 0, 
   "set_only_once": 0, 
   "unique": 0, 
   "width": "50px"
  }, 
  {
   "allow_bulk_edit": 0, 
   "allow_on_submit": 0, 
   "bold": 0, 
   "collapsible": 0, 
   "columns": 0, 
   "fieldname": "report_hide", 
   "fieldtype": "Check", 
   "hidden": 0, 
   "ignore_user_permissions": 0, 
   "ignore_xss_filter": 0, 
   "in_filter": 0, 
   "in_global_search": 0, 
   "in_list_view": 0, 
   "in_standard_filter": 0, 
   "label": "Report Hide", 
   "length": 0, 
   "no_copy": 0, 
   "oldfieldname": "report_hide", 
   "oldfieldtype": "Check", 
   "permlevel": 0, 
   "print_hide": 0, 
   "print_hide_if_no_value": 0, 
   "print_width": "50px", 
   "read_only": 0, 
   "remember_last_selected_value": 0, 
   "report_hide": 0, 
   "reqd": 0, 
   "search_index": 0, 
   "set_only_once": 0, 
   "unique": 0, 
   "width": "50px"
  }, 
  {
   "allow_bulk_edit": 0, 
   "allow_on_submit": 0, 
   "bold": 0, 
   "collapsible": 0, 
   "columns": 0, 
   "depends_on": "eval:(doc.fieldtype == 'Link')", 
   "fieldname": "remember_last_selected_value", 
   "fieldtype": "Check", 
   "hidden": 0, 
   "ignore_user_permissions": 0, 
   "ignore_xss_filter": 0, 
   "in_filter": 0, 
   "in_global_search": 0, 
   "in_list_view": 0, 
   "in_standard_filter": 0, 
   "label": "Remember Last Selected Value", 
   "length": 0, 
   "no_copy": 0, 
   "permlevel": 0, 
   "precision": "", 
   "print_hide": 0, 
   "print_hide_if_no_value": 0, 
   "read_only": 0, 
   "remember_last_selected_value": 0, 
   "report_hide": 0, 
   "reqd": 0, 
   "search_index": 0, 
   "set_only_once": 0, 
   "unique": 0
  }, 
  {
   "allow_bulk_edit": 0, 
   "allow_on_submit": 0, 
   "bold": 0, 
   "collapsible": 0, 
   "columns": 0, 
   "description": "Don't HTML Encode HTML tags like &lt;script&gt; or just characters like &lt; or &gt;, as they could be intentionally used in this field", 
   "fieldname": "ignore_xss_filter", 
   "fieldtype": "Check", 
   "hidden": 0, 
   "ignore_user_permissions": 0, 
   "ignore_xss_filter": 0, 
   "in_filter": 0, 
   "in_global_search": 0, 
   "in_list_view": 0, 
   "in_standard_filter": 0, 
   "label": "Ignore XSS Filter", 
   "length": 0, 
   "no_copy": 0, 
   "permlevel": 0, 
   "precision": "", 
   "print_hide": 0, 
   "print_hide_if_no_value": 0, 
   "read_only": 0, 
   "remember_last_selected_value": 0, 
   "report_hide": 0, 
   "reqd": 0, 
   "search_index": 0, 
   "set_only_once": 0, 
   "unique": 0
  }, 
  {
   "allow_bulk_edit": 0, 
   "allow_on_submit": 0, 
   "bold": 0, 
   "collapsible": 0, 
   "columns": 0, 
   "fieldname": "display", 
   "fieldtype": "Section Break", 
   "hidden": 0, 
   "ignore_user_permissions": 0, 
   "ignore_xss_filter": 0, 
   "in_filter": 0, 
   "in_global_search": 0, 
   "in_list_view": 0, 
   "in_standard_filter": 0, 
   "label": "Display", 
   "length": 0, 
   "no_copy": 0, 
   "permlevel": 0, 
   "print_hide": 0, 
   "print_hide_if_no_value": 0, 
   "read_only": 0, 
   "remember_last_selected_value": 0, 
   "report_hide": 0, 
   "reqd": 0, 
   "search_index": 0, 
   "set_only_once": 0, 
   "unique": 0
  }, 
  {
   "allow_bulk_edit": 0, 
   "allow_on_submit": 0, 
   "bold": 0, 
   "collapsible": 0, 
   "columns": 0, 
   "fieldname": "in_filter", 
   "fieldtype": "Check", 
   "hidden": 0, 
   "ignore_user_permissions": 0, 
   "ignore_xss_filter": 0, 
   "in_filter": 0, 
   "in_global_search": 0, 
   "in_list_view": 0, 
   "in_standard_filter": 0, 
   "label": "In Filter", 
   "length": 0, 
   "no_copy": 0, 
   "oldfieldname": "in_filter", 
   "oldfieldtype": "Check", 
   "permlevel": 0, 
   "print_hide": 0, 
   "print_hide_if_no_value": 0, 
   "print_width": "50px", 
   "read_only": 0, 
   "remember_last_selected_value": 0, 
   "report_hide": 0, 
   "reqd": 0, 
   "search_index": 0, 
   "set_only_once": 0, 
   "unique": 0, 
   "width": "50px"
  }, 
  {
   "allow_bulk_edit": 0, 
   "allow_on_submit": 0, 
   "bold": 0, 
   "collapsible": 0, 
   "columns": 0, 
   "fieldname": "no_copy", 
   "fieldtype": "Check", 
   "hidden": 0, 
   "ignore_user_permissions": 0, 
   "ignore_xss_filter": 0, 
   "in_filter": 0, 
   "in_global_search": 0, 
   "in_list_view": 0, 
   "in_standard_filter": 0, 
   "label": "No Copy", 
   "length": 0, 
   "no_copy": 0, 
   "oldfieldname": "no_copy", 
   "oldfieldtype": "Check", 
   "permlevel": 0, 
   "print_hide": 0, 
   "print_hide_if_no_value": 0, 
   "print_width": "50px", 
   "read_only": 0, 
   "remember_last_selected_value": 0, 
   "report_hide": 0, 
   "reqd": 0, 
   "search_index": 0, 
   "set_only_once": 0, 
   "unique": 0, 
   "width": "50px"
  }, 
  {
   "allow_bulk_edit": 0, 
   "allow_on_submit": 0, 
   "bold": 0, 
   "collapsible": 0, 
   "columns": 0, 
   "fieldname": "print_hide", 
   "fieldtype": "Check", 
   "hidden": 0, 
   "ignore_user_permissions": 0, 
   "ignore_xss_filter": 0, 
   "in_filter": 0, 
   "in_global_search": 0, 
   "in_list_view": 0, 
   "in_standard_filter": 0, 
   "label": "Print Hide", 
   "length": 0, 
   "no_copy": 0, 
   "oldfieldname": "print_hide", 
   "oldfieldtype": "Check", 
   "permlevel": 0, 
   "print_hide": 0, 
   "print_hide_if_no_value": 0, 
   "print_width": "50px", 
   "read_only": 0, 
   "remember_last_selected_value": 0, 
   "report_hide": 0, 
   "reqd": 0, 
   "search_index": 0, 
   "set_only_once": 0, 
   "unique": 0, 
   "width": "50px"
  }, 
  {
   "allow_bulk_edit": 0, 
   "allow_on_submit": 0, 
   "bold": 0, 
   "collapsible": 0, 
   "columns": 0, 
   "depends_on": "eval:[\"Int\", \"Float\", \"Currency\", \"Percent\"].indexOf(doc.fieldtype)!==-1", 
   "fieldname": "print_hide_if_no_value", 
   "fieldtype": "Check", 
   "hidden": 0, 
   "ignore_user_permissions": 0, 
   "ignore_xss_filter": 0, 
   "in_filter": 0, 
   "in_global_search": 0, 
   "in_list_view": 0, 
   "in_standard_filter": 0, 
   "label": "Print Hide If No Value", 
   "length": 0, 
   "no_copy": 0, 
   "permlevel": 0, 
   "precision": "", 
   "print_hide": 0, 
   "print_hide_if_no_value": 0, 
   "read_only": 0, 
   "remember_last_selected_value": 0, 
   "report_hide": 0, 
   "reqd": 0, 
   "search_index": 0, 
   "set_only_once": 0, 
   "unique": 0
  }, 
  {
   "allow_bulk_edit": 0, 
   "allow_on_submit": 0, 
   "bold": 0, 
   "collapsible": 0, 
   "columns": 0, 
   "fieldname": "print_width", 
   "fieldtype": "Data", 
   "hidden": 0, 
   "ignore_user_permissions": 0, 
   "ignore_xss_filter": 0, 
   "in_filter": 0, 
   "in_global_search": 0, 
   "in_list_view": 0, 
   "in_standard_filter": 0, 
   "label": "Print Width", 
   "length": 0, 
   "no_copy": 0, 
   "permlevel": 0, 
   "print_hide": 0, 
   "print_hide_if_no_value": 0, 
   "read_only": 0, 
   "remember_last_selected_value": 0, 
   "report_hide": 0, 
   "reqd": 0, 
   "search_index": 0, 
   "set_only_once": 0, 
   "unique": 0
  }, 
  {
   "allow_bulk_edit": 0, 
   "allow_on_submit": 0, 
   "bold": 0, 
   "collapsible": 0, 
   "columns": 0, 
   "fieldname": "width", 
   "fieldtype": "Data", 
   "hidden": 0, 
   "ignore_user_permissions": 0, 
   "ignore_xss_filter": 0, 
   "in_filter": 0, 
   "in_global_search": 0, 
   "in_list_view": 0, 
   "in_standard_filter": 0, 
   "label": "Width", 
   "length": 0, 
   "no_copy": 0, 
   "oldfieldname": "width", 
   "oldfieldtype": "Data", 
   "permlevel": 0, 
   "print_hide": 0, 
   "print_hide_if_no_value": 0, 
   "print_width": "50px", 
   "read_only": 0, 
   "remember_last_selected_value": 0, 
   "report_hide": 0, 
   "reqd": 0, 
   "search_index": 0, 
   "set_only_once": 0, 
   "unique": 0, 
   "width": "50px"
  }, 
  {
   "allow_bulk_edit": 0, 
   "allow_on_submit": 0, 
   "bold": 0, 
   "collapsible": 0, 
   "columns": 0, 
   "depends_on": "", 
   "description": "Number of columns for a field in a List View or a Grid (Total Columns should be less than 11)", 
   "fieldname": "columns", 
   "fieldtype": "Int", 
   "hidden": 0, 
   "ignore_user_permissions": 0, 
   "ignore_xss_filter": 0, 
   "in_filter": 0, 
   "in_global_search": 0, 
   "in_list_view": 0, 
   "in_standard_filter": 0, 
   "label": "Columns", 
   "length": 0, 
   "no_copy": 0, 
   "permlevel": 0, 
   "precision": "", 
   "print_hide": 0, 
   "print_hide_if_no_value": 0, 
   "read_only": 0, 
   "remember_last_selected_value": 0, 
   "report_hide": 0, 
   "reqd": 0, 
   "search_index": 0, 
   "set_only_once": 0, 
   "unique": 0
  }, 
  {
   "allow_bulk_edit": 0, 
   "allow_on_submit": 0, 
   "bold": 0, 
   "collapsible": 0, 
   "columns": 0, 
   "fieldname": "column_break_22", 
   "fieldtype": "Column Break", 
   "hidden": 0, 
   "ignore_user_permissions": 0, 
   "ignore_xss_filter": 0, 
   "in_filter": 0, 
   "in_global_search": 0, 
   "in_list_view": 0, 
   "in_standard_filter": 0, 
   "length": 0, 
   "no_copy": 0, 
   "permlevel": 0, 
   "print_hide": 0, 
   "print_hide_if_no_value": 0, 
   "read_only": 0, 
   "remember_last_selected_value": 0, 
   "report_hide": 0, 
   "reqd": 0, 
   "search_index": 0, 
   "set_only_once": 0, 
   "unique": 0
  }, 
  {
   "allow_bulk_edit": 0, 
   "allow_on_submit": 0, 
   "bold": 0, 
   "collapsible": 0, 
   "columns": 0, 
   "fieldname": "description", 
   "fieldtype": "Small Text", 
   "hidden": 0, 
   "ignore_user_permissions": 0, 
   "ignore_xss_filter": 0, 
   "in_filter": 0, 
   "in_global_search": 0, 
   "in_list_view": 1, 
   "in_standard_filter": 0, 
   "label": "Description", 
   "length": 0, 
   "no_copy": 0, 
   "oldfieldname": "description", 
   "oldfieldtype": "Text", 
   "permlevel": 0, 
   "print_hide": 0, 
   "print_hide_if_no_value": 0, 
   "print_width": "300px", 
   "read_only": 0, 
   "remember_last_selected_value": 0, 
   "report_hide": 0, 
   "reqd": 0, 
   "search_index": 0, 
   "set_only_once": 0, 
   "unique": 0, 
   "width": "300px"
  }, 
  {
   "allow_bulk_edit": 0, 
   "allow_on_submit": 0, 
   "bold": 0, 
   "collapsible": 0, 
   "columns": 0, 
   "fieldname": "oldfieldname", 
   "fieldtype": "Data", 
   "hidden": 1, 
   "ignore_user_permissions": 0, 
   "ignore_xss_filter": 0, 
   "in_filter": 0, 
   "in_global_search": 0, 
   "in_list_view": 0, 
   "in_standard_filter": 0, 
   "length": 0, 
   "no_copy": 0, 
   "oldfieldname": "oldfieldname", 
   "oldfieldtype": "Data", 
   "permlevel": 0, 
   "print_hide": 0, 
   "print_hide_if_no_value": 0, 
   "read_only": 0, 
   "remember_last_selected_value": 0, 
   "report_hide": 0, 
   "reqd": 0, 
   "search_index": 0, 
   "set_only_once": 0, 
   "unique": 0
  }, 
  {
   "allow_bulk_edit": 0, 
   "allow_on_submit": 0, 
   "bold": 0, 
   "collapsible": 0, 
   "columns": 0, 
   "fieldname": "oldfieldtype", 
   "fieldtype": "Data", 
   "hidden": 1, 
   "ignore_user_permissions": 0, 
   "ignore_xss_filter": 0, 
   "in_filter": 0, 
   "in_global_search": 0, 
   "in_list_view": 0, 
   "in_standard_filter": 0, 
   "length": 0, 
   "no_copy": 0, 
   "oldfieldname": "oldfieldtype", 
   "oldfieldtype": "Data", 
   "permlevel": 0, 
   "print_hide": 0, 
   "print_hide_if_no_value": 0, 
   "read_only": 0, 
   "remember_last_selected_value": 0, 
   "report_hide": 0, 
   "reqd": 0, 
   "search_index": 0, 
   "set_only_once": 0, 
   "unique": 0
  }
 ], 
 "has_web_view": 0, 
 "hide_heading": 0, 
 "hide_toolbar": 0, 
 "idx": 1, 
 "image_view": 0, 
 "in_create": 0, 
 "is_submittable": 0, 
 "issingle": 0, 
 "istable": 1, 
 "max_attachments": 0, 
 "modified": "2018-05-24 04:43:09.264136", 
 "modified_by": "Administrator", 
 "module": "Core", 
 "name": "DocField", 
 "owner": "Administrator", 
 "permissions": [], 
 "quick_entry": 0, 
 "read_only": 0, 
 "read_only_onload": 0, 
 "show_name_in_global_search": 0, 
 "sort_order": "ASC", 
 "track_changes": 0, 
 "track_seen": 0
}
